destination_id,edge_id,method,level,service,class,Class.keyword,class,Class.keyword,messageRealm,serviceAction,messageParams.subscriber,messageParams.calledMessageQueue,messageParams.type,messageParams.messageID,messageParams.correlationID,messageParams.transactionID,messageParams.originatingMS,messageParams.terminatingMS,serviceData.httpParams.statusCode,message_id_length,correlation_id_length,transaction_id_length
6496c858badc742d8ec3d053,6496c858badc742d8ec3d054,deserializeMessage,INTERNALTRACE,chatbroker,,,,,internal,unsubscribe,ocxuaESEv0bNKKGu,cimchat-cimchat-69b5db986c-jpq2x,response,13ce4994-dd07-40e3-a8be-a1210b68b6f4,c226027d59706e8ecfb50820c700d4f8,1d33f9b4-59cf-4d71-866e-c8d821463cb6:5f88c2fa-1e3f-4957-909f-41882c44c0a7,cimchat,chatbroker,200,36,32,73
6496c858badc742d8ec3d053,6496c858badc742d8ec3d055,deserializeMessage,INTERNALTRACE,chatbroker,,,,,external,subscribe,ocxuaESEv0bNKKGu,cimchat-cimchat-69b5db986c-jpq2x,response,fd662156-9f21-475b-8c6c-25d9f10baf91,ffb2b6a4ed7bc738921e8d18864b6016,1d33f9b4-59cf-4d71-866e-c8d821463cb6:292f192b-bee2-4bac-863b-897d1813d4a4,cimchat,chatbroker,200,36,32,73
6496c858badc742d8ec3d053,6496c858badc742d8ec3d056,deserializeMessage,INTERNALTRACE,chatbroker,,,,,internal,unsubscribe,ocxuaESEv0bNKKGu,cimchat-cimchat-69b5db986c-jpq2x,response,b9cb4e81-2089-4f07-a75e-f6a83e1d1d1b,4ab77b70dfaf56667922143463af987b,a6acb2ac-af0a-4968-9cb7-bd59e033701b:c35b027f-9ebb-4e30-81ed-b951e01d9bca,cimchat,chatbroker,200,36,32,73
6496c858badc742d8ec3d053,6496c858badc742d8ec3d057,deserializeMessage,INTERNALTRACE,chatbroker,,,,,external,subscribe,ocxuaESEv0bNKKGu,cimchat-cimchat-69b5db986c-jpq2x,response,fe7515f3-f7a0-45ed-8cdc-9f233c3aa855,c1e08ebb416618ef349d4a11ca2cba03,a6acb2ac-af0a-4968-9cb7-bd59e033701b:a9184449-5f2b-4cdb-8c0e-ac07aa96a959,cimchat,chatbroker,200,36,32,73
6496c858badc742d8ec3d053,6496c858badc742d8ec3d058,deserializeMessage,INTERNALTRACE,chatbroker,,,,,internal,unsubscribe,ocxuaESEv0bNKKGu,cimchat-cimchat-69b5db986c-jpq2x,response,afda0169-97ff-4cee-a966-4c98196f12e1,50adff5c0ae1b97c286330c0f2d4cbad,39b048dd-6fc9-4d72-a6c5-a717bfebab40:d8ad66d5-7944-4891-b260-37421767526f,cimchat,chatbroker,200,36,32,73
6496c858badc742d8ec3d053,6496c858badc742d8ec3d059,deserializeMessage,INTERNALTRACE,chatbroker,,,,,external,subscribe,ocxuaESEv0bNKKGu,cimchat-cimchat-69b5db986c-jpq2x,response,b58b7bf9-9669-4595-8bc0-b8aed5f3a442,ddc9d3277d2b198d4baef45662a31fc5,39b048dd-6fc9-4d72-a6c5-a717bfebab40:a0eb97f9-24f2-4b46-96d8-09c4e15afcd2,cimchat,chatbroker,200,36,32,73
6496c858badc742d8ec3d053,6496c858badc742d8ec3d05a,deserializeMessage,INTERNALTRACE,chatbroker,,,,,internal,unsubscribe,ocxuaESEv0bNKKGu,cimchat-cimchat-69b5db986c-jpq2x,response,70bf9601-15ae-4757-b06c-306c8148461c,f73384732c7aaa96cdae719b93660e47,b6217faf-69e3-42cf-ae04-0368106038f3:d5abeff5-fd99-4751-855e-a68cc8850ee3,cimchat,chatbroker,200,36,32,73
6496c858badc742d8ec3d053,6496c858badc742d8ec3d05b,deserializeMessage,INTERNALTRACE,chatbroker,,,,,external,subscribe,ocxuaESEv0bNKKGu,cimchat-cimchat-69b5db986c-jpq2x,response,4db39174-1c7d-416b-8fb2-560776f12424,37b05a0ede553f31b7146b33ddf2502d,b6217faf-69e3-42cf-ae04-0368106038f3:94ffa4cd-2b6b-4a54-abd4-b063a24e8b3c,cimchat,chatbroker,200,36,32,73
6496c858badc742d8ec3d053,6496c858badc742d8ec3d05c,deserializeMessage,INTERNALTRACE,chatbroker,,,,,internal,unsubscribe,ocxuaESEv0bNKKGu,cimchat-cimchat-69b5db986c-jpq2x,response,aaf491bd-8241-4cbd-ab30-a508f9278735,c3cc608b5f2967cc2170deac0716defe,edec8ea9-b2c7-463e-aea6-659f7c0dd27d:50e8554e-dba7-4a9d-b22b-c402447e0a8f,cimchat,chatbroker,200,36,32,73
6496c858badc742d8ec3d053,6496c858badc742d8ec3d05d,deserializeMessage,INTERNALTRACE,chatbroker,,,,,external,subscribe,ocxuaESEv0bNKKGu,cimchat-cimchat-69b5db986c-jpq2x,response,a7fbf95e-95f5-4f3d-bf8d-681fe49f2090,0dfe22eedc05b59615901e4e4fd2d384,edec8ea9-b2c7-463e-aea6-659f7c0dd27d:344c8c25-a6c5-452c-83d2-72ccf89b2873,cimchat,chatbroker,200,36,32,73
6496c858badc742d8ec3d053,6496c858badc742d8ec3d05e,deserializeMessage,INTERNALTRACE,chatbroker,,,,,internal,unsubscribe,ocxuaESEv0bNKKGu,cimchat-cimchat-69b5db986c-jpq2x,response,2862ec23-2abf-4b15-aa6d-dc0d883c3e2f,87a1c761df1ab201b6fb67b7375bab39,525a91d3-abd6-4543-9f56-0292f64d5aeb:f09ef020-2b9f-41e3-9408-625ac1a8ab78,cimchat,chatbroker,200,36,32,73
6496c858badc742d8ec3d053,6496c858badc742d8ec3d05f,deserializeMessage,INTERNALTRACE,chatbroker,,,,,external,subscribe,ocxuaESEv0bNKKGu,cimchat-cimchat-69b5db986c-jpq2x,response,35652331-0fa3-48bc-97b8-6d04c27fa3f8,ccd223f0a35ae77fc92c1a1eb97c7b9f,525a91d3-abd6-4543-9f56-0292f64d5aeb:9d1f2283-842a-421f-8780-10f9f2d0e184,cimchat,chatbroker,200,36,32,73
6496c858badc742d8ec3d053,6496c858badc742d8ec3d060,deserializeMessage,INTERNALTRACE,chatbroker,,,,,internal,unsubscribe,ocxuaESEv0bNKKGu,cimchat-cimchat-69b5db986c-jpq2x,response,7e1799a8-3793-49a4-8784-cfc1d57f3fd9,9c9bd0e2ead11eb4b376d9ae3c59ed5d,7c7c85f1-a44c-4233-8a47-bec010107112:bbcf4111-439f-4363-83dd-7fb282ab9b43,cimchat,chatbroker,200,36,32,73
6496c858badc742d8ec3d053,6496c858badc742d8ec3d061,deserializeMessage,INTERNALTRACE,chatbroker,,,,,external,subscribe,ocxuaESEv0bNKKGu,cimchat-cimchat-69b5db986c-jpq2x,response,b2eb2440-82b7-4c76-9dc5-45c21c11acc6,f3011569cc6f180c16dfd388e6b2abe8,7c7c85f1-a44c-4233-8a47-bec010107112:5801e4ec-6a8e-4897-99e5-1386b5fbb91e,cimchat,chatbroker,200,36,32,73
6496c858badc742d8ec3d053,6496c858badc742d8ec3d062,deserializeMessage,INTERNALTRACE,chatbroker,,,,,internal,unsubscribe,ocxuaESEv0bNKKGu,cimchat-cimchat-69b5db986c-jpq2x,response,69860e61-1e85-44fb-bfdd-a0c2addfbde6,06b6931184c3309f7f26f2cb56705ccf,264cad64-f5ca-4077-a892-5ef2b1a9162d:cfdc8870-0939-4acd-b7a2-41ee05f55be9,cimchat,chatbroker,200,36,32,73
6496c858badc742d8ec3d053,6496c858badc742d8ec3d063,deserializeMessage,INTERNALTRACE,chatbroker,,,,,external,subscribe,ocxuaESEv0bNKKGu,cimchat-cimchat-69b5db986c-jpq2x,response,4b3fbce0-2e65-495f-a3f3-adc11acd32e0,86b2f421b5396af3e99b26d300271071,264cad64-f5ca-4077-a892-5ef2b1a9162d:c42f95f4-7f3b-48c5-8c92-c2e14ab11870,cimchat,chatbroker,200,36,32,73
6496c858badc742d8ec3d053,6496c858badc742d8ec3d064,deserializeMessage,INTERNALTRACE,chatbroker,,,,,internal,unsubscribe,ocxuaESEv0bNKKGu,cimchat-cimchat-69b5db986c-jpq2x,response,d7632a10-cfef-4cfc-b755-fefe9c75e0dc,7cd8a890ccbc64022aa16a6cec555fb1,10954c5d-6823-4514-a739-37f11554462a:342bc5d5-3185-4f47-9913-0e913bcccdf9,cimchat,chatbroker,200,36,32,73
6496c858badc742d8ec3d053,6496c858badc742d8ec3d065,deserializeMessage,INTERNALTRACE,chatbroker,,,,,external,subscribe,ocxuaESEv0bNKKGu,cimchat-cimchat-69b5db986c-jpq2x,response,59f1010a-e37b-4d8e-b7e8-877fbbf9a11d,2851d0c4ae577473c841e5f183318134,10954c5d-6823-4514-a739-37f11554462a:552a2dfe-9308-43df-89f5-07b81bb9a182,cimchat,chatbroker,200,36,32,73
6496c858badc742d8ec3d053,6496c858badc742d8ec3d066,deserializeMessage,INTERNALTRACE,chatbroker,,,,,internal,unsubscribe,ocxuaESEv0bNKKGu,cimchat-cimchat-69b5db986c-jpq2x,response,1b39489c-4c37-4040-9747-4c730b2c716b,e9ac2cebe51b65a703ed69602c26995a,b2493c55-4fb6-4894-93d5-dc13176aa938:1e816ff6-6d08-4059-ab2d-e476711e08c4,cimchat,chatbroker,200,36,32,73
6496c858badc742d8ec3d053,6496c858badc742d8ec3d067,deserializeMessage,INTERNALTRACE,chatbroker,,,,,external,subscribe,ocxuaESEv0bNKKGu,cimchat-cimchat-69b5db986c-jpq2x,response,0b960240-70e7-4f3e-bc13-32be18e9848f,b5814a7c9fe8a7219adb0e5d43985995,b2493c55-4fb6-4894-93d5-dc13176aa938:b70dcd96-1e31-4229-ad85-98d2364ddb78,cimchat,chatbroker,200,36,32,73
6496c858badc742d8ec3d053,6496c858badc742d8ec3d068,deserializeMessage,INTERNALTRACE,chatbroker,,,,,internal,unsubscribe,ocxuaESEv0bNKKGu,cimchat-cimchat-69b5db986c-jpq2x,response,840c6fb2-0822-4364-a7c8-ab06ebd97eb7,59a84959c7a4b19e9ac52d7a343d9ac7,27e87237-678e-4419-952e-b2e8c41fa69a:de940215-0b17-4397-bb84-b838cc67fe97,cimchat,chatbroker,200,36,32,73
6496c858badc742d8ec3d053,6496c858badc742d8ec3d069,deserializeMessage,INTERNALTRACE,chatbroker,,,,,external,subscribe,ocxuaESEv0bNKKGu,cimchat-cimchat-69b5db986c-jpq2x,response,c7cafa22-baa9-4d3b-8d35-cebc0397f3fb,23d887395bf29409f0b10b1e78ad671f,27e87237-678e-4419-952e-b2e8c41fa69a:acf9fd0c-7c54-4f11-a3a5-2150c1cca5d9,cimchat,chatbroker,200,36,32,73
6496c858badc742d8ec3d053,6496c858badc742d8ec3d06a,deserializeMessage,INTERNALTRACE,chatbroker,,,,,internal,unsubscribe,ocxuaESEv0bNKKGu,cimchat-cimchat-69b5db986c-jpq2x,response,4db6913b-7385-4fc2-b03d-01065650e1c0,2f08a9b322bc580609796b030d223fc0,0612c3d0-da3d-4d0b-b34b-d889323f7907:0d2578e3-409c-46a7-86a2-10d5674190c5,cimchat,chatbroker,200,36,32,73
6496c858badc742d8ec3d053,6496c858badc742d8ec3d06b,deserializeMessage,INTERNALTRACE,chatbroker,,,,,external,subscribe,ocxuaESEv0bNKKGu,cimchat-cimchat-69b5db986c-jpq2x,response,e0a016e4-0500-401f-86e1-19ca17cc7ee4,b39e5f9ec608ac8c2db422de702840de,0612c3d0-da3d-4d0b-b34b-d889323f7907:23c830dd-b352-4637-a20f-d7e54aca1af4,cimchat,chatbroker,200,36,32,73
6496c858badc742d8ec3d053,6496c858badc742d8ec3d06c,deserializeMessage,INTERNALTRACE,chatbroker,,,,,internal,unsubscribe,ocxuaESEv0bNKKGu,cimchat-cimchat-69b5db986c-jpq2x,response,3569be1e-9278-4589-9028-4308c2168d0e,4e544d3ecf0b34652e28ce3bad741f82,17bbb588-9f66-4f71-93bc-618dabf6af87:ca75e83c-42d4-4531-895a-5165a2ad3532,cimchat,chatbroker,200,36,32,73
6496c858badc742d8ec3d053,6496c858badc742d8ec3d06d,deserializeMessage,INTERNALTRACE,chatbroker,,,,,external,subscribe,ocxuaESEv0bNKKGu,cimchat-cimchat-69b5db986c-jpq2x,response,0b8ed175-2fd4-4812-b371-d601e8a68040,2cc40bf1bfba17da7f272aa1e13406df,17bbb588-9f66-4f71-93bc-618dabf6af87:aa5267e0-1022-4460-97cf-1985146b42fd,cimchat,chatbroker,200,36,32,73
6496c858badc742d8ec3d053,6496c858badc742d8ec3d06e,deserializeMessage,INTERNALTRACE,chatbroker,,,,,internal,unsubscribe,ocxuaESEv0bNKKGu,cimchat-cimchat-69b5db986c-jpq2x,response,7b28a260-2c13-43cc-a0ba-ef2aa3a597fd,f48e065b55504de69ecf5639c666d126,a4e718c0-e30c-433b-8b45-19d6bacf0361:d82ec675-9b70-46b9-97c1-9a3965549510,cimchat,chatbroker,200,36,32,73
6496c858badc742d8ec3d053,6496c858badc742d8ec3d06f,deserializeMessage,INTERNALTRACE,chatbroker,,,,,external,subscribe,ocxuaESEv0bNKKGu,cimchat-cimchat-69b5db986c-jpq2x,response,894d39a7-3ce5-478a-b6d6-99ca8a367b4f,292d956434012777cd54daab6edc5cce,a4e718c0-e30c-433b-8b45-19d6bacf0361:a3a99047-e391-450a-a67e-ca859db027f8,cimchat,chatbroker,200,36,32,73
6496c858badc742d8ec3d053,6496c858badc742d8ec3d070,deserializeMessage,INTERNALTRACE,chatbroker,,,,,internal,unsubscribe,ocxuaESEv0bNKKGu,cimchat-cimchat-69b5db986c-jpq2x,response,37ca958f-9b03-4a00-ab00-7ffcb4e07774,946b93c32101afccb8ba5961c045a8be,841f77cd-1b15-48ce-b5dd-892067a138ae:c11fa690-0c96-4d40-862d-4a151804e906,cimchat,chatbroker,200,36,32,73
6496c858badc742d8ec3d053,6496c858badc742d8ec3d071,deserializeMessage,INTERNALTRACE,chatbroker,,,,,external,subscribe,ocxuaESEv0bNKKGu,cimchat-cimchat-69b5db986c-jpq2x,response,311b335b-fb8c-4648-9b04-5afbc15ef1e8,6f80c71d56128ff5e8dde48ebb495b3e,841f77cd-1b15-48ce-b5dd-892067a138ae:a7f9e5f1-bee7-4503-b930-502530dc300c,cimchat,chatbroker,200,36,32,73
6496c858badc742d8ec3d053,6496c858badc742d8ec3d072,deserializeMessage,INTERNALTRACE,chatbroker,,,,,internal,unsubscribe,ocxuaESEv0bNKKGu,cimchat-cimchat-69b5db986c-jpq2x,response,cf9849f5-1964-4222-83df-d45b08afe4cc,bd271c27a836803b187a0ef8dc028ab6,129c2c41-2e7f-4571-873a-c28566271710:ad75e1dc-e60f-42ae-a86f-f37bd5dba531,cimchat,chatbroker,200,36,32,73
6496c858badc742d8ec3d053,6496c858badc742d8ec3d073,deserializeMessage,INTERNALTRACE,chatbroker,,,,,external,subscribe,ocxuaESEv0bNKKGu,cimchat-cimchat-69b5db986c-jpq2x,response,e5b8dc2e-2527-4e9e-8286-12dd7238f54c,6270f06ab4adc8668e44c85a3899d9df,129c2c41-2e7f-4571-873a-c28566271710:0b5110f4-8598-45a1-99fa-a3d146dac1f5,cimchat,chatbroker,200,36,32,73
6496c858badc742d8ec3d053,6496c858badc742d8ec3d074,deserializeMessage,INTERNALTRACE,chatbroker,,,,,internal,unsubscribe,ocxuaESEv0bNKKGu,cimchat-cimchat-69b5db986c-jpq2x,response,726e15f2-a36e-49fc-9e9c-363473612b32,a46f08c96a94c207f4d2c8ed8476e9b7,5c68a553-1498-4b0b-9106-8f358718866b:ff4bf762-24f6-4de7-aecc-1af2597e0d3e,cimchat,chatbroker,200,36,32,73
6496c858badc742d8ec3d053,6496c858badc742d8ec3d075,deserializeMessage,INTERNALTRACE,chatbroker,,,,,external,subscribe,ocxuaESEv0bNKKGu,cimchat-cimchat-69b5db986c-jpq2x,response,f62d797b-af12-41e9-b6be-2e58630ea7d8,0c6358ea714fd41df9fb948080a9a4ee,5c68a553-1498-4b0b-9106-8f358718866b:e2c92da3-2467-40cf-b3cc-258b68d57270,cimchat,chatbroker,200,36,32,73
6496c858badc742d8ec3d053,6496c858badc742d8ec3d076,deserializeMessage,INTERNALTRACE,chatbroker,,,,,internal,unsubscribe,ocxuaESEv0bNKKGu,cimchat-cimchat-69b5db986c-jpq2x,response,b08ab7b2-200f-4162-806d-b5c402a86769,0794872d7f9f7042a91ee29db5f3cb75,df87a551-232d-4b34-955e-2a5888f8289a:b112f152-95fe-4dc1-bd2e-68220551416e,cimchat,chatbroker,200,36,32,73
6496c858badc742d8ec3d053,6496c858badc742d8ec3d077,deserializeMessage,INTERNALTRACE,chatbroker,,,,,external,subscribe,ocxuaESEv0bNKKGu,cimchat-cimchat-69b5db986c-jpq2x,response,2fe0ee9d-c5dc-41ef-b6b6-50df9014631a,06778814775090d1b9410601d2526bca,df87a551-232d-4b34-955e-2a5888f8289a:f8ecd854-7272-4300-9fc4-4ec6b4455d58,cimchat,chatbroker,200,36,32,73
6496c858badc742d8ec3d053,6496c858badc742d8ec3d078,deserializeMessage,INTERNALTRACE,chatbroker,,,,,internal,unsubscribe,ocxuaESEv0bNKKGu,cimchat-cimchat-69b5db986c-jpq2x,response,3a216cdf-745e-4f68-b8f7-26638276a654,e014760f924bb40520d40bb206643480,3db63263-a1ce-4d72-98b9-2a683b1c9a4d:e8fed1c2-8c68-4a1d-b889-1bcf35eba18c,cimchat,chatbroker,200,36,32,73
6496c858badc742d8ec3d053,6496c858badc742d8ec3d079,deserializeMessage,INTERNALTRACE,chatbroker,,,,,external,subscribe,ocxuaESEv0bNKKGu,cimchat-cimchat-69b5db986c-jpq2x,response,50ff155c-401b-42a6-9533-38dcc34ace27,eb54463075353ccc1b4d05e2e6f85d82,3db63263-a1ce-4d72-98b9-2a683b1c9a4d:e4b0fbfc-d0a1-41bd-9117-04b8993857c7,cimchat,chatbroker,200,36,32,73
6496c858badc742d8ec3d053,6496c858badc742d8ec3d07a,deserializeMessage,INTERNALTRACE,chatbroker,,,,,internal,unsubscribe,ocxuaESEv0bNKKGu,cimchat-cimchat-69b5db986c-jpq2x,response,786a667a-9d41-4ff2-8a66-1c272c7a87ab,19101a1a3fc9a0a2c6b1e516351c225f,f21e929b-40f2-4c30-8ad2-eed4b36e1e13:bc297fcb-834c-4215-8350-13b0b24d754d,cimchat,chatbroker,200,36,32,73
6496c858badc742d8ec3d053,6496c858badc742d8ec3d07b,deserializeMessage,INTERNALTRACE,chatbroker,,,,,external,subscribe,ocxuaESEv0bNKKGu,cimchat-cimchat-69b5db986c-jpq2x,response,69a9ab8a-7516-47bb-af51-00190d40b730,12bd897a193ca82f011565e6256ce8c9,f21e929b-40f2-4c30-8ad2-eed4b36e1e13:da1819a1-d9c1-47cd-a2c3-5121339b9938,cimchat,chatbroker,200,36,32,73
6496c858badc742d8ec3d053,6496c858badc742d8ec3d07c,deserializeMessage,INTERNALTRACE,chatbroker,,,,,internal,unsubscribe,ocxuaESEv0bNKKGu,cimchat-cimchat-69b5db986c-jpq2x,response,27edc079-a88d-47c3-b044-12767089664a,e2c3af6034a59c2e2e287bdb31e759f5,bb8f4881-1d43-4819-bc8a-86365fc7f467:f7ad0ee6-b1c6-4c88-a913-99a45083dcd2,cimchat,chatbroker,200,36,32,73
6496c858badc742d8ec3d053,6496c858badc742d8ec3d07d,deserializeMessage,INTERNALTRACE,chatbroker,,,,,external,subscribe,ocxuaESEv0bNKKGu,cimchat-cimchat-69b5db986c-jpq2x,response,3227c05c-5fa5-465b-a7f2-de41e0e7de68,105a294e05a459af8d2f42fd64f8234c,bb8f4881-1d43-4819-bc8a-86365fc7f467:401ed951-46f4-46f0-a595-878ad9037ce1,cimchat,chatbroker,200,36,32,73
6496c858badc742d8ec3d07e,6496c858badc742d8ec3d07f,sendLocalMessage,INTERNALTRACE,chatbroker,,,,,internal,unsubscribe,ocxuaESEv0bNKKGu,chatbroker-chatbroker-d8cbf74b4-swmvx,request,f22a17ee-06be-4697-b3d0-d9f5f1ea04ba,c226027d59706e8ecfb50820c700d4f8,1d33f9b4-59cf-4d71-866e-c8d821463cb6:5f88c2fa-1e3f-4957-909f-41882c44c0a7,chatbroker,cimchat,400,36,32,73
6496c858badc742d8ec3d07e,6496c858badc742d8ec3d080,sendLocalMessage,INTERNALTRACE,chatbroker,,,,,internal,unsubscribe,ocxuaESEv0bNKKGu,chatbroker-chatbroker-d8cbf74b4-swmvx,request,799e20b1-22fe-4fa9-ae93-2036626b3e12,4ab77b70dfaf56667922143463af987b,a6acb2ac-af0a-4968-9cb7-bd59e033701b:c35b027f-9ebb-4e30-81ed-b951e01d9bca,chatbroker,cimchat,400,36,32,73
6496c858badc742d8ec3d07e,6496c858badc742d8ec3d081,sendLocalMessage,INTERNALTRACE,chatbroker,,,,,internal,unsubscribe,ocxuaESEv0bNKKGu,chatbroker-chatbroker-d8cbf74b4-swmvx,request,71edc8f0-d488-4ce7-8270-d2fa9d827cb0,50adff5c0ae1b97c286330c0f2d4cbad,39b048dd-6fc9-4d72-a6c5-a717bfebab40:d8ad66d5-7944-4891-b260-37421767526f,chatbroker,cimchat,400,36,32,73
6496c858badc742d8ec3d07e,6496c858badc742d8ec3d082,sendLocalMessage,INTERNALTRACE,chatbroker,,,,,internal,unsubscribe,ocxuaESEv0bNKKGu,chatbroker-chatbroker-d8cbf74b4-swmvx,request,cb6fa6a6-a4dd-4a4b-b9fb-2a88f19432b8,f73384732c7aaa96cdae719b93660e47,b6217faf-69e3-42cf-ae04-0368106038f3:d5abeff5-fd99-4751-855e-a68cc8850ee3,chatbroker,cimchat,400,36,32,73
6496c858badc742d8ec3d07e,6496c858badc742d8ec3d083,sendLocalMessage,INTERNALTRACE,chatbroker,,,,,internal,unsubscribe,ocxuaESEv0bNKKGu,chatbroker-chatbroker-d8cbf74b4-gv6xw,request,a880e654-2781-4610-a736-fe8e35f329a0,c3cc608b5f2967cc2170deac0716defe,edec8ea9-b2c7-463e-aea6-659f7c0dd27d:50e8554e-dba7-4a9d-b22b-c402447e0a8f,chatbroker,cimchat,400,36,32,73
6496c858badc742d8ec3d07e,6496c858badc742d8ec3d084,sendLocalMessage,INTERNALTRACE,chatbroker,,,,,internal,unsubscribe,ocxuaESEv0bNKKGu,chatbroker-chatbroker-d8cbf74b4-gv6xw,request,0a200123-3bc4-487a-9c1c-97d3ec53cec9,87a1c761df1ab201b6fb67b7375bab39,525a91d3-abd6-4543-9f56-0292f64d5aeb:f09ef020-2b9f-41e3-9408-625ac1a8ab78,chatbroker,cimchat,400,36,32,73
6496c858badc742d8ec3d07e,6496c858badc742d8ec3d085,sendLocalMessage,INTERNALTRACE,chatbroker,,,,,internal,unsubscribe,ocxuaESEv0bNKKGu,chatbroker-chatbroker-d8cbf74b4-gv6xw,request,97c79626-eaf2-4dc6-955a-381625585287,9c9bd0e2ead11eb4b376d9ae3c59ed5d,7c7c85f1-a44c-4233-8a47-bec010107112:bbcf4111-439f-4363-83dd-7fb282ab9b43,chatbroker,cimchat,400,36,32,73
6496c858badc742d8ec3d07e,6496c858badc742d8ec3d086,sendLocalMessage,INTERNALTRACE,chatbroker,,,,,internal,unsubscribe,ocxuaESEv0bNKKGu,chatbroker-chatbroker-d8cbf74b4-gv6xw,request,9b36923c-5dbc-4f3f-a672-131e4779fedd,06b6931184c3309f7f26f2cb56705ccf,264cad64-f5ca-4077-a892-5ef2b1a9162d:cfdc8870-0939-4acd-b7a2-41ee05f55be9,chatbroker,cimchat,400,36,32,73
6496c858badc742d8ec3d07e,6496c858badc742d8ec3d087,sendLocalMessage,INTERNALTRACE,chatbroker,,,,,internal,unsubscribe,ocxuaESEv0bNKKGu,chatbroker-chatbroker-d8cbf74b4-gv6xw,request,00db888e-dd22-4b87-88e0-1ba6786a976f,7cd8a890ccbc64022aa16a6cec555fb1,10954c5d-6823-4514-a739-37f11554462a:342bc5d5-3185-4f47-9913-0e913bcccdf9,chatbroker,cimchat,400,36,32,73
6496c858badc742d8ec3d07e,6496c858badc742d8ec3d088,sendLocalMessage,INTERNALTRACE,chatbroker,,,,,internal,unsubscribe,ocxuaESEv0bNKKGu,chatbroker-chatbroker-d8cbf74b4-gv6xw,request,51bca5ce-f98f-48bd-894b-780ae5496345,e9ac2cebe51b65a703ed69602c26995a,b2493c55-4fb6-4894-93d5-dc13176aa938:1e816ff6-6d08-4059-ab2d-e476711e08c4,chatbroker,cimchat,400,36,32,73
6496c858badc742d8ec3d07e,6496c858badc742d8ec3d089,sendLocalMessage,INTERNALTRACE,chatbroker,,,,,internal,unsubscribe,ocxuaESEv0bNKKGu,chatbroker-chatbroker-d8cbf74b4-gv6xw,request,2f721447-1ac5-4506-a273-27759166a414,59a84959c7a4b19e9ac52d7a343d9ac7,27e87237-678e-4419-952e-b2e8c41fa69a:de940215-0b17-4397-bb84-b838cc67fe97,chatbroker,cimchat,400,36,32,73
6496c858badc742d8ec3d07e,6496c858badc742d8ec3d08a,sendLocalMessage,INTERNALTRACE,chatbroker,,,,,internal,unsubscribe,ocxuaESEv0bNKKGu,chatbroker-chatbroker-d8cbf74b4-gv6xw,request,7208d347-eef0-4dcd-9263-302ee6a48ad5,2f08a9b322bc580609796b030d223fc0,0612c3d0-da3d-4d0b-b34b-d889323f7907:0d2578e3-409c-46a7-86a2-10d5674190c5,chatbroker,cimchat,400,36,32,73
6496c858badc742d8ec3d07e,6496c858badc742d8ec3d08b,sendLocalMessage,INTERNALTRACE,chatbroker,,,,,internal,unsubscribe,ocxuaESEv0bNKKGu,chatbroker-chatbroker-d8cbf74b4-swmvx,request,509acc77-f27c-47f0-9967-8fae7f62ee99,4e544d3ecf0b34652e28ce3bad741f82,17bbb588-9f66-4f71-93bc-618dabf6af87:ca75e83c-42d4-4531-895a-5165a2ad3532,chatbroker,cimchat,400,36,32,73
6496c858badc742d8ec3d07e,6496c858badc742d8ec3d08c,sendLocalMessage,INTERNALTRACE,chatbroker,,,,,internal,unsubscribe,ocxuaESEv0bNKKGu,chatbroker-chatbroker-d8cbf74b4-swmvx,request,e4ab1872-8bc1-4294-a5d5-dc06d3539c48,f48e065b55504de69ecf5639c666d126,a4e718c0-e30c-433b-8b45-19d6bacf0361:d82ec675-9b70-46b9-97c1-9a3965549510,chatbroker,cimchat,400,36,32,73
6496c858badc742d8ec3d07e,6496c858badc742d8ec3d08d,sendLocalMessage,INTERNALTRACE,chatbroker,,,,,internal,unsubscribe,ocxuaESEv0bNKKGu,chatbroker-chatbroker-d8cbf74b4-swmvx,request,3ffd6955-a4e5-4680-bfb8-316943f31a66,946b93c32101afccb8ba5961c045a8be,841f77cd-1b15-48ce-b5dd-892067a138ae:c11fa690-0c96-4d40-862d-4a151804e906,chatbroker,cimchat,400,36,32,73
6496c858badc742d8ec3d07e,6496c858badc742d8ec3d08e,sendLocalMessage,INTERNALTRACE,chatbroker,,,,,internal,unsubscribe,ocxuaESEv0bNKKGu,chatbroker-chatbroker-d8cbf74b4-swmvx,request,f41ed045-385f-4290-b4da-8459cff5ad0a,bd271c27a836803b187a0ef8dc028ab6,129c2c41-2e7f-4571-873a-c28566271710:ad75e1dc-e60f-42ae-a86f-f37bd5dba531,chatbroker,cimchat,400,36,32,73
6496c858badc742d8ec3d07e,6496c858badc742d8ec3d08f,sendLocalMessage,INTERNALTRACE,chatbroker,,,,,internal,unsubscribe,ocxuaESEv0bNKKGu,chatbroker-chatbroker-d8cbf74b4-swmvx,request,cca5c6ad-f394-4620-8d69-1332186bbb8c,a46f08c96a94c207f4d2c8ed8476e9b7,5c68a553-1498-4b0b-9106-8f358718866b:ff4bf762-24f6-4de7-aecc-1af2597e0d3e,chatbroker,cimchat,400,36,32,73
6496c858badc742d8ec3d07e,6496c858badc742d8ec3d090,sendLocalMessage,INTERNALTRACE,chatbroker,,,,,internal,unsubscribe,ocxuaESEv0bNKKGu,chatbroker-chatbroker-d8cbf74b4-swmvx,request,e9de58cd-9dc5-4a54-8db5-e69845d8b711,0794872d7f9f7042a91ee29db5f3cb75,df87a551-232d-4b34-955e-2a5888f8289a:b112f152-95fe-4dc1-bd2e-68220551416e,chatbroker,cimchat,400,36,32,73
6496c858badc742d8ec3d07e,6496c858badc742d8ec3d091,sendLocalMessage,INTERNALTRACE,chatbroker,,,,,internal,unsubscribe,ocxuaESEv0bNKKGu,chatbroker-chatbroker-d8cbf74b4-swmvx,request,a0d406e6-a8c8-4a07-bab6-b31981cdf2e1,e014760f924bb40520d40bb206643480,3db63263-a1ce-4d72-98b9-2a683b1c9a4d:e8fed1c2-8c68-4a1d-b889-1bcf35eba18c,chatbroker,cimchat,400,36,32,73
6496c858badc742d8ec3d07e,6496c858badc742d8ec3d092,sendLocalMessage,INTERNALTRACE,chatbroker,,,,,internal,unsubscribe,ocxuaESEv0bNKKGu,chatbroker-chatbroker-d8cbf74b4-swmvx,request,d5e700ae-9dad-4fed-9219-e6dc1b89c40a,19101a1a3fc9a0a2c6b1e516351c225f,f21e929b-40f2-4c30-8ad2-eed4b36e1e13:bc297fcb-834c-4215-8350-13b0b24d754d,chatbroker,cimchat,400,36,32,73
6496c858badc742d8ec3d07e,6496c858badc742d8ec3d093,sendLocalMessage,INTERNALTRACE,chatbroker,,,,,internal,unsubscribe,ocxuaESEv0bNKKGu,chatbroker-chatbroker-d8cbf74b4-gv6xw,request,5a88bdbe-7dc3-453e-b9fa-a586a6bb94fe,e2c3af6034a59c2e2e287bdb31e759f5,bb8f4881-1d43-4819-bc8a-86365fc7f467:f7ad0ee6-b1c6-4c88-a913-99a45083dcd2,chatbroker,cimchat,400,36,32,73
6496c858badc742d8ec3d094,6496c858badc742d8ec3d095,deserializeMessage,INTERNALTRACE,chatbroker,,,,,internal,gone,ocxuaESEv0bNKKGu,notificationbroker-notificationbroker-556d45f4d9-vqflh,notification,29317fd2-4470-414f-be7f-a3ccba646e82,c226027d59706e8ecfb50820c700d4f8,8cd333ee-c09e-473a-94fc-394b3191d5ea,notificationbroker,chatbroker,404,36,32,36
6496c858badc742d8ec3d094,6496c858badc742d8ec3d096,deserializeMessage,INTERNALTRACE,chatbroker,,,,,internal,gone,ocxuaESEv0bNKKGu,notificationbroker-notificationbroker-556d45f4d9-vqflh,notification,897491c2-adb3-4b5a-ad77-1546589db451,4ab77b70dfaf56667922143463af987b,3c9340c4-3239-436f-8cd3-6a0b37fdbe09,notificationbroker,chatbroker,404,36,32,36
6496c858badc742d8ec3d094,6496c858badc742d8ec3d097,deserializeMessage,INTERNALTRACE,chatbroker,,,,,internal,gone,ocxuaESEv0bNKKGu,notificationbroker-notificationbroker-556d45f4d9-vqflh,notification,de30ae24-22d4-44fa-beed-2335f62382f2,50adff5c0ae1b97c286330c0f2d4cbad,03608def-810c-498b-9b75-e8582dab1405,notificationbroker,chatbroker,404,36,32,36
6496c858badc742d8ec3d094,6496c858badc742d8ec3d098,deserializeMessage,INTERNALTRACE,chatbroker,,,,,internal,gone,ocxuaESEv0bNKKGu,notificationbroker-notificationbroker-556d45f4d9-vqflh,notification,86758f7d-1584-4860-bc56-b7ec0a213ce1,f73384732c7aaa96cdae719b93660e47,40b260ae-8f49-4ffd-9952-4c56fd46ea8e,notificationbroker,chatbroker,404,36,32,36
6496c858badc742d8ec3d094,6496c858badc742d8ec3d099,deserializeMessage,INTERNALTRACE,chatbroker,,,,,internal,gone,ocxuaESEv0bNKKGu,notificationbroker-notificationbroker-556d45f4d9-vqflh,notification,1123a204-215e-44b6-be91-27bdd058d626,c3cc608b5f2967cc2170deac0716defe,0bc6d38b-b66c-46a9-8dfa-faf2baeace96,notificationbroker,chatbroker,404,36,32,36
6496c858badc742d8ec3d094,6496c858badc742d8ec3d09a,deserializeMessage,INTERNALTRACE,chatbroker,,,,,internal,gone,ocxuaESEv0bNKKGu,notificationbroker-notificationbroker-556d45f4d9-vqflh,notification,2e3571e3-39d7-4e65-9b1e-830427ec1cd2,87a1c761df1ab201b6fb67b7375bab39,1d890fcb-6013-4333-b150-f504ecc25bfb,notificationbroker,chatbroker,404,36,32,36
6496c858badc742d8ec3d094,6496c858badc742d8ec3d09b,deserializeMessage,INTERNALTRACE,chatbroker,,,,,internal,gone,ocxuaESEv0bNKKGu,notificationbroker-notificationbroker-556d45f4d9-vqflh,notification,f98346af-69ac-4fe3-8f96-c741ac7339ef,9c9bd0e2ead11eb4b376d9ae3c59ed5d,0316a4a0-d38a-40c4-8abd-043c4325718f,notificationbroker,chatbroker,404,36,32,36
6496c858badc742d8ec3d094,6496c858badc742d8ec3d09c,deserializeMessage,INTERNALTRACE,chatbroker,,,,,internal,gone,ocxuaESEv0bNKKGu,notificationbroker-notificationbroker-556d45f4d9-vqflh,notification,4d4b5754-261b-470c-bc84-5dc3c722e7dd,06b6931184c3309f7f26f2cb56705ccf,3a60d85e-4927-4040-8af1-682b8fa93978,notificationbroker,chatbroker,404,36,32,36
6496c858badc742d8ec3d094,6496c858badc742d8ec3d09d,deserializeMessage,INTERNALTRACE,chatbroker,,,,,internal,gone,ocxuaESEv0bNKKGu,notificationbroker-notificationbroker-556d45f4d9-vqflh,notification,86e0ff15-5c62-49e2-b7d6-3e98c9154253,7cd8a890ccbc64022aa16a6cec555fb1,5adf860e-eeae-47c3-8698-3e004f524f01,notificationbroker,chatbroker,404,36,32,36
6496c858badc742d8ec3d094,6496c858badc742d8ec3d09e,deserializeMessage,INTERNALTRACE,chatbroker,,,,,internal,gone,ocxuaESEv0bNKKGu,notificationbroker-notificationbroker-556d45f4d9-vqflh,notification,e306d9de-2ed5-457e-b8f8-28adc2dcde6c,e9ac2cebe51b65a703ed69602c26995a,cb1dac4e-408c-48e4-a389-9ea114f63d71,notificationbroker,chatbroker,404,36,32,36
6496c858badc742d8ec3d094,6496c858badc742d8ec3d09f,deserializeMessage,INTERNALTRACE,chatbroker,,,,,internal,gone,ocxuaESEv0bNKKGu,notificationbroker-notificationbroker-556d45f4d9-vqflh,notification,42d16322-6bc0-4a8f-b6dc-7239834e7501,59a84959c7a4b19e9ac52d7a343d9ac7,5a584409-37d8-409c-8fb7-446d2ab31c6a,notificationbroker,chatbroker,404,36,32,36
6496c858badc742d8ec3d094,6496c858badc742d8ec3d0a0,deserializeMessage,INTERNALTRACE,chatbroker,,,,,internal,gone,ocxuaESEv0bNKKGu,notificationbroker-notificationbroker-556d45f4d9-vqflh,notification,61722c10-3a2e-4363-b036-7996e5e383a7,2f08a9b322bc580609796b030d223fc0,b7bdff7c-fd11-4faa-9ecb-2ae2dfc4854b,notificationbroker,chatbroker,404,36,32,36
6496c858badc742d8ec3d094,6496c858badc742d8ec3d0a1,deserializeMessage,INTERNALTRACE,chatbroker,,,,,internal,gone,ocxuaESEv0bNKKGu,notificationbroker-notificationbroker-556d45f4d9-vqflh,notification,76fe6f6c-c9eb-403c-b2c6-2a383aad60e5,4e544d3ecf0b34652e28ce3bad741f82,8b07a3d7-f15f-4b35-93f9-708a2769aa98,notificationbroker,chatbroker,404,36,32,36
6496c858badc742d8ec3d094,6496c858badc742d8ec3d0a2,deserializeMessage,INTERNALTRACE,chatbroker,,,,,internal,gone,ocxuaESEv0bNKKGu,notificationbroker-notificationbroker-556d45f4d9-vqflh,notification,2b64be76-ab2f-46ba-927a-3aab533a76cc,f48e065b55504de69ecf5639c666d126,31af61b6-542b-4029-bcd8-fb944d109c0e,notificationbroker,chatbroker,404,36,32,36
6496c858badc742d8ec3d094,6496c858badc742d8ec3d0a3,deserializeMessage,INTERNALTRACE,chatbroker,,,,,internal,gone,ocxuaESEv0bNKKGu,notificationbroker-notificationbroker-556d45f4d9-vqflh,notification,abde5d21-e441-4cbf-b940-60a3bb09e44e,946b93c32101afccb8ba5961c045a8be,be7ee06c-70c8-4a60-9893-04a5612d066e,notificationbroker,chatbroker,404,36,32,36
6496c858badc742d8ec3d094,6496c858badc742d8ec3d0a4,deserializeMessage,INTERNALTRACE,chatbroker,,,,,internal,gone,ocxuaESEv0bNKKGu,notificationbroker-notificationbroker-556d45f4d9-vqflh,notification,4b3dbe19-7832-4415-8595-8ac6f2e83db4,bd271c27a836803b187a0ef8dc028ab6,8bb35eb3-22dd-43a3-870b-90aa43f2b582,notificationbroker,chatbroker,404,36,32,36
6496c858badc742d8ec3d094,6496c858badc742d8ec3d0a5,deserializeMessage,INTERNALTRACE,chatbroker,,,,,internal,gone,ocxuaESEv0bNKKGu,notificationbroker-notificationbroker-556d45f4d9-vqflh,notification,961bb15d-d135-4ab2-985a-070b8604627d,a46f08c96a94c207f4d2c8ed8476e9b7,b087521e-f17c-4eb2-ad2f-6c4bd1b616ee,notificationbroker,chatbroker,404,36,32,36
6496c858badc742d8ec3d094,6496c858badc742d8ec3d0a6,deserializeMessage,INTERNALTRACE,chatbroker,,,,,internal,gone,ocxuaESEv0bNKKGu,notificationbroker-notificationbroker-556d45f4d9-vqflh,notification,50ae35ea-c509-48b8-ba77-3439079f2098,0794872d7f9f7042a91ee29db5f3cb75,bb683133-a9d5-4fbc-97b2-fb5da9e2592b,notificationbroker,chatbroker,404,36,32,36
6496c858badc742d8ec3d094,6496c858badc742d8ec3d0a7,deserializeMessage,INTERNALTRACE,chatbroker,,,,,internal,gone,ocxuaESEv0bNKKGu,notificationbroker-notificationbroker-556d45f4d9-vqflh,notification,6ae23c92-6384-48a9-b3af-d6a28b866938,e014760f924bb40520d40bb206643480,b740d44a-dff2-4952-991c-27e8c986f89e,notificationbroker,chatbroker,404,36,32,36
6496c858badc742d8ec3d094,6496c858badc742d8ec3d0a8,deserializeMessage,INTERNALTRACE,chatbroker,,,,,internal,gone,ocxuaESEv0bNKKGu,notificationbroker-notificationbroker-556d45f4d9-vqflh,notification,97cecfba-7522-4817-82f4-012cbc9e4159,19101a1a3fc9a0a2c6b1e516351c225f,af11d381-583c-4678-9237-7dbe421aaa0f,notificationbroker,chatbroker,404,36,32,36
6496c858badc742d8ec3d094,6496c858badc742d8ec3d0a9,deserializeMessage,INTERNALTRACE,chatbroker,,,,,internal,gone,ocxuaESEv0bNKKGu,notificationbroker-notificationbroker-556d45f4d9-vqflh,notification,c327ae2e-270a-4e25-8304-1b181ee5998d,e2c3af6034a59c2e2e287bdb31e759f5,112992c4-5e2c-4941-8158-904725515e7b,notificationbroker,chatbroker,404,36,32,36
6496c858badc742d8ec3d0aa,6496c858badc742d8ec3d0ab,sendLocalMessage,INTERNALTRACE,chatbroker,,,,,external,chat,ocxuaESEv0bNKKGu,chatbroker-chatbroker-d8cbf74b4-swmvx,response,5843455e-8a5e-4f31-96f3-5080e3891405,ffb2b6a4ed7bc738921e8d18864b6016,4e11ec41-0209-4511-b068-db62f6d8985d,chatbroker,restamqpgw,201,36,32,36
6496c858badc742d8ec3d0aa,6496c858badc742d8ec3d0ac,sendLocalMessage,INTERNALTRACE,chatbroker,,,,,external,chat,ocxuaESEv0bNKKGu,chatbroker-chatbroker-d8cbf74b4-swmvx,response,5e475fd2-1610-42db-b6c6-488ee48bf898,c1e08ebb416618ef349d4a11ca2cba03,c1c43665-b65d-4454-9a83-539450dcd4cd,chatbroker,restamqpgw,201,36,32,36
6496c858badc742d8ec3d0aa,6496c858badc742d8ec3d0ad,sendLocalMessage,INTERNALTRACE,chatbroker,,,,,external,chat,ocxuaESEv0bNKKGu,chatbroker-chatbroker-d8cbf74b4-swmvx,response,74e5b2c6-02c9-42b3-8efa-23c0fc96ddce,ddc9d3277d2b198d4baef45662a31fc5,d86a1c07-42ab-46fa-b000-544d8eb6e651,chatbroker,restamqpgw,201,36,32,36
6496c858badc742d8ec3d0aa,6496c858badc742d8ec3d0ae,sendLocalMessage,INTERNALTRACE,chatbroker,,,,,external,chat,ocxuaESEv0bNKKGu,chatbroker-chatbroker-d8cbf74b4-swmvx,response,bc6fc61e-9847-43f1-bca3-7762292af288,37b05a0ede553f31b7146b33ddf2502d,2a60007c-1d37-4367-9ca3-7e66358cf36f,chatbroker,restamqpgw,201,36,32,36
6496c858badc742d8ec3d0aa,6496c858badc742d8ec3d0af,sendLocalMessage,INTERNALTRACE,chatbroker,,,,,external,chat,ocxuaESEv0bNKKGu,chatbroker-chatbroker-d8cbf74b4-gv6xw,response,c6b37baa-aae7-4f88-9a5b-d15aee31de52,0dfe22eedc05b59615901e4e4fd2d384,90e3981a-a0f1-46f0-ab1b-5b484a0bd502,chatbroker,restamqpgw,201,36,32,36
6496c858badc742d8ec3d0aa,6496c858badc742d8ec3d0b0,sendLocalMessage,INTERNALTRACE,chatbroker,,,,,external,chat,ocxuaESEv0bNKKGu,chatbroker-chatbroker-d8cbf74b4-gv6xw,response,57e6a1a3-99d8-48bc-8721-cc26f4c3166e,ccd223f0a35ae77fc92c1a1eb97c7b9f,52e9ee98-588d-411d-ba60-3bdecab14ea2,chatbroker,restamqpgw,201,36,32,36
6496c858badc742d8ec3d0aa,6496c858badc742d8ec3d0b1,sendLocalMessage,INTERNALTRACE,chatbroker,,,,,external,chat,ocxuaESEv0bNKKGu,chatbroker-chatbroker-d8cbf74b4-gv6xw,response,d4165c40-50fe-490b-a82b-2f32fc58f95a,f3011569cc6f180c16dfd388e6b2abe8,38af479e-6682-407f-a9dd-eb61f2ee4d97,chatbroker,restamqpgw,201,36,32,36
6496c858badc742d8ec3d0aa,6496c858badc742d8ec3d0b2,sendLocalMessage,INTERNALTRACE,chatbroker,,,,,external,chat,ocxuaESEv0bNKKGu,chatbroker-chatbroker-d8cbf74b4-gv6xw,response,7692b6be-4e05-45d5-a9f3-80fb73754bfd,86b2f421b5396af3e99b26d300271071,ebdff6e2-2d38-47f0-8f24-07bedaf5cba9,chatbroker,restamqpgw,201,36,32,36
6496c858badc742d8ec3d0aa,6496c858badc742d8ec3d0b3,sendLocalMessage,INTERNALTRACE,chatbroker,,,,,external,chat,ocxuaESEv0bNKKGu,chatbroker-chatbroker-d8cbf74b4-gv6xw,response,afb92fc5-e342-48ec-96fc-a642dbf21054,2851d0c4ae577473c841e5f183318134,0e76ab3c-2433-4daf-a2a1-1f019f5df597,chatbroker,restamqpgw,201,36,32,36
6496c858badc742d8ec3d0aa,6496c858badc742d8ec3d0b4,sendLocalMessage,INTERNALTRACE,chatbroker,,,,,external,chat,ocxuaESEv0bNKKGu,chatbroker-chatbroker-d8cbf74b4-gv6xw,response,29882acc-11ca-40c7-bea0-4842198f35ad,b5814a7c9fe8a7219adb0e5d43985995,1ca0dfe9-f48b-46a1-955a-c5dbfe2f7a95,chatbroker,restamqpgw,201,36,32,36
6496c858badc742d8ec3d0aa,6496c858badc742d8ec3d0b5,sendLocalMessage,INTERNALTRACE,chatbroker,,,,,external,chat,ocxuaESEv0bNKKGu,chatbroker-chatbroker-d8cbf74b4-gv6xw,response,45e8290d-d889-4170-bba1-6bd6f6ab0c05,23d887395bf29409f0b10b1e78ad671f,78db8899-3819-4a79-841c-7239b8e4c96c,chatbroker,restamqpgw,201,36,32,36
6496c858badc742d8ec3d0aa,6496c858badc742d8ec3d0b6,sendLocalMessage,INTERNALTRACE,chatbroker,,,,,external,chat,ocxuaESEv0bNKKGu,chatbroker-chatbroker-d8cbf74b4-gv6xw,response,5e591847-e308-41e4-9ca4-3f4b1a3ff04d,b39e5f9ec608ac8c2db422de702840de,a6d7434e-4a3a-4f30-a0f9-5c045a288d0c,chatbroker,restamqpgw,201,36,32,36
6496c858badc742d8ec3d0aa,6496c858badc742d8ec3d0b7,sendLocalMessage,INTERNALTRACE,chatbroker,,,,,external,chat,ocxuaESEv0bNKKGu,chatbroker-chatbroker-d8cbf74b4-swmvx,response,a3ce034b-4306-4665-a34b-c484f0c54512,2cc40bf1bfba17da7f272aa1e13406df,86ac11e9-16d8-46ac-9a5c-8eefa433d1f0,chatbroker,restamqpgw,201,36,32,36
6496c858badc742d8ec3d0aa,6496c858badc742d8ec3d0b8,sendLocalMessage,INTERNALTRACE,chatbroker,,,,,external,chat,ocxuaESEv0bNKKGu,chatbroker-chatbroker-d8cbf74b4-swmvx,response,95466eb0-e16b-4978-8d32-44ddbcf7b22f,292d956434012777cd54daab6edc5cce,1ea9dac7-733c-4c21-b33a-0c8e3831893f,chatbroker,restamqpgw,201,36,32,36
6496c858badc742d8ec3d0aa,6496c858badc742d8ec3d0b9,sendLocalMessage,INTERNALTRACE,chatbroker,,,,,external,chat,ocxuaESEv0bNKKGu,chatbroker-chatbroker-d8cbf74b4-swmvx,response,9296fa39-05b5-44f2-a406-8ebb9c871018,6f80c71d56128ff5e8dde48ebb495b3e,e1e71af0-9560-44a2-b7f4-ee07a5abf655,chatbroker,restamqpgw,201,36,32,36
6496c858badc742d8ec3d0aa,6496c858badc742d8ec3d0ba,sendLocalMessage,INTERNALTRACE,chatbroker,,,,,external,chat,ocxuaESEv0bNKKGu,chatbroker-chatbroker-d8cbf74b4-swmvx,response,7cf9b82e-a71a-4479-87d7-d45d9f791308,6270f06ab4adc8668e44c85a3899d9df,bf4afbf5-1017-41bc-a2bf-897f7d3c47a5,chatbroker,restamqpgw,201,36,32,36
6496c858badc742d8ec3d0aa,6496c858badc742d8ec3d0bb,sendLocalMessage,INTERNALTRACE,chatbroker,,,,,external,chat,ocxuaESEv0bNKKGu,chatbroker-chatbroker-d8cbf74b4-swmvx,response,6d1706d4-ae0e-4bc9-9e9f-8ab37f2f85eb,0c6358ea714fd41df9fb948080a9a4ee,9e46da00-3ac9-4bde-bd61-8f2a91bc6a43,chatbroker,restamqpgw,201,36,32,36
6496c858badc742d8ec3d0aa,6496c858badc742d8ec3d0bc,sendLocalMessage,INTERNALTRACE,chatbroker,,,,,external,chat,ocxuaESEv0bNKKGu,chatbroker-chatbroker-d8cbf74b4-swmvx,response,87d53412-fa43-442e-ac1a-240de72676ad,06778814775090d1b9410601d2526bca,7982ddd3-fd83-4621-84f4-74711c17bf99,chatbroker,restamqpgw,201,36,32,36
6496c858badc742d8ec3d0aa,6496c858badc742d8ec3d0bd,sendLocalMessage,INTERNALTRACE,chatbroker,,,,,external,chat,ocxuaESEv0bNKKGu,chatbroker-chatbroker-d8cbf74b4-swmvx,response,ed16343e-e9eb-4126-9564-68c9aa5829b0,eb54463075353ccc1b4d05e2e6f85d82,36210320-6b02-4506-95ee-c30be9e18005,chatbroker,restamqpgw,201,36,32,36
6496c858badc742d8ec3d0aa,6496c858badc742d8ec3d0be,sendLocalMessage,INTERNALTRACE,chatbroker,,,,,external,chat,ocxuaESEv0bNKKGu,chatbroker-chatbroker-d8cbf74b4-swmvx,response,17b22a72-ec1f-4753-b8c6-33060f67d471,12bd897a193ca82f011565e6256ce8c9,9b2e5a42-b3b5-43af-bfc8-b0beb5bb10ae,chatbroker,restamqpgw,201,36,32,36
6496c858badc742d8ec3d0aa,6496c858badc742d8ec3d0bf,sendLocalMessage,INTERNALTRACE,chatbroker,,,,,external,chat,ocxuaESEv0bNKKGu,chatbroker-chatbroker-d8cbf74b4-gv6xw,response,cdf79da2-6ca3-4c33-a15e-3d17397c9f83,105a294e05a459af8d2f42fd64f8234c,fe85948a-5f76-41e2-a4e4-44677c8947cc,chatbroker,restamqpgw,201,36,32,36
6496c858badc742d8ec3d0c0,6496c858badc742d8ec3d0c1,sendLocalMessage,INTERNALTRACE,chatbroker,,,,,external,register,ocxuaESEv0bNKKGu,chatbroker-chatbroker-d8cbf74b4-swmvx,notification,07ea0d4d-9921-4184-a409-655667151fa2,ffb2b6a4ed7bc738921e8d18864b6016,0a6b7f2c-d875-4fb7-ac29-e8fa9c07a4a6,chatbroker,notificationbroker,400,36,32,36
6496c858badc742d8ec3d0c0,6496c858badc742d8ec3d0c2,sendLocalMessage,INTERNALTRACE,chatbroker,,,,,external,register,ocxuaESEv0bNKKGu,chatbroker-chatbroker-d8cbf74b4-swmvx,notification,547c2d4b-489f-4001-b646-56b5a57af529,c1e08ebb416618ef349d4a11ca2cba03,03d7a75b-4700-448f-bb14-b24f0477b77d,chatbroker,notificationbroker,400,36,32,36
6496c858badc742d8ec3d0c0,6496c858badc742d8ec3d0c3,sendLocalMessage,INTERNALTRACE,chatbroker,,,,,external,register,ocxuaESEv0bNKKGu,chatbroker-chatbroker-d8cbf74b4-swmvx,notification,3bb11e33-b201-4809-bab2-b1996e98bd58,ddc9d3277d2b198d4baef45662a31fc5,35d0a8a8-6226-452c-8d31-43be9954ed23,chatbroker,notificationbroker,400,36,32,36
6496c858badc742d8ec3d0c0,6496c858badc742d8ec3d0c4,sendLocalMessage,INTERNALTRACE,chatbroker,,,,,external,register,ocxuaESEv0bNKKGu,chatbroker-chatbroker-d8cbf74b4-swmvx,notification,91803265-e684-4cf7-b09e-7e8b98211c36,37b05a0ede553f31b7146b33ddf2502d,4a87b40e-a186-4721-af72-4586524441b8,chatbroker,notificationbroker,400,36,32,36
6496c858badc742d8ec3d0c0,6496c858badc742d8ec3d0c5,sendLocalMessage,INTERNALTRACE,chatbroker,,,,,external,register,ocxuaESEv0bNKKGu,chatbroker-chatbroker-d8cbf74b4-gv6xw,notification,918660d6-3169-4435-af7c-4edfdc9a1442,0dfe22eedc05b59615901e4e4fd2d384,b1de411b-2fa0-41d5-928e-a2e56ac30718,chatbroker,notificationbroker,400,36,32,36
6496c858badc742d8ec3d0c0,6496c858badc742d8ec3d0c6,sendLocalMessage,INTERNALTRACE,chatbroker,,,,,external,register,ocxuaESEv0bNKKGu,chatbroker-chatbroker-d8cbf74b4-gv6xw,notification,31afd517-d3c4-4680-b184-950003fab036,ccd223f0a35ae77fc92c1a1eb97c7b9f,d4788b33-3ad0-4e6d-96da-9c7991a82ffe,chatbroker,notificationbroker,400,36,32,36
6496c858badc742d8ec3d0c0,6496c858badc742d8ec3d0c7,sendLocalMessage,INTERNALTRACE,chatbroker,,,,,external,register,ocxuaESEv0bNKKGu,chatbroker-chatbroker-d8cbf74b4-gv6xw,notification,f8c7d5a0-cb8c-437e-a6d7-d63e54eeacc9,f3011569cc6f180c16dfd388e6b2abe8,f9009a4b-25ac-4704-bd38-f289c3ed9acc,chatbroker,notificationbroker,400,36,32,36
6496c858badc742d8ec3d0c0,6496c858badc742d8ec3d0c8,sendLocalMessage,INTERNALTRACE,chatbroker,,,,,external,register,ocxuaESEv0bNKKGu,chatbroker-chatbroker-d8cbf74b4-gv6xw,notification,feb517f9-f842-4a9d-8560-de4af336ff08,86b2f421b5396af3e99b26d300271071,07863b1e-9343-488a-885d-5f3ff4431d2c,chatbroker,notificationbroker,400,36,32,36
6496c858badc742d8ec3d0c0,6496c858badc742d8ec3d0c9,sendLocalMessage,INTERNALTRACE,chatbroker,,,,,external,register,ocxuaESEv0bNKKGu,chatbroker-chatbroker-d8cbf74b4-gv6xw,notification,3ae578ec-a65b-4a3a-8a04-5e1e1a73066a,2851d0c4ae577473c841e5f183318134,1f562933-cd37-4000-9d94-d7c1b76466d2,chatbroker,notificationbroker,400,36,32,36
6496c858badc742d8ec3d0c0,6496c858badc742d8ec3d0ca,sendLocalMessage,INTERNALTRACE,chatbroker,,,,,external,register,ocxuaESEv0bNKKGu,chatbroker-chatbroker-d8cbf74b4-gv6xw,notification,4c79b9c9-4471-4354-9099-dcc2acddc6e8,b5814a7c9fe8a7219adb0e5d43985995,f39f254c-ea2d-44e6-9ff8-b327d960b32e,chatbroker,notificationbroker,400,36,32,36
6496c858badc742d8ec3d0c0,6496c858badc742d8ec3d0cb,sendLocalMessage,INTERNALTRACE,chatbroker,,,,,external,register,ocxuaESEv0bNKKGu,chatbroker-chatbroker-d8cbf74b4-gv6xw,notification,f736bdc5-a787-4648-ad2a-a236c6d43be3,23d887395bf29409f0b10b1e78ad671f,5d972daa-4232-4115-903a-50928dda92c2,chatbroker,notificationbroker,400,36,32,36
6496c858badc742d8ec3d0c0,6496c858badc742d8ec3d0cc,sendLocalMessage,INTERNALTRACE,chatbroker,,,,,external,register,ocxuaESEv0bNKKGu,chatbroker-chatbroker-d8cbf74b4-gv6xw,notification,93487b76-b3ed-43dd-9dda-fc582f5497c9,b39e5f9ec608ac8c2db422de702840de,afd2f422-b778-44f9-aa14-9f4a83285ee4,chatbroker,notificationbroker,400,36,32,36
6496c858badc742d8ec3d0c0,6496c858badc742d8ec3d0cd,sendLocalMessage,INTERNALTRACE,chatbroker,,,,,external,register,ocxuaESEv0bNKKGu,chatbroker-chatbroker-d8cbf74b4-swmvx,notification,59ecfd29-e42b-4310-a2a2-5ef0eaa1f8b3,2cc40bf1bfba17da7f272aa1e13406df,c378acb0-b4e5-40f9-8c0a-b47463edbcab,chatbroker,notificationbroker,400,36,32,36
6496c858badc742d8ec3d0c0,6496c858badc742d8ec3d0ce,sendLocalMessage,INTERNALTRACE,chatbroker,,,,,external,register,ocxuaESEv0bNKKGu,chatbroker-chatbroker-d8cbf74b4-swmvx,notification,102c2a46-2f2e-4f9f-ae1c-b9b489fb6ded,292d956434012777cd54daab6edc5cce,f798a4bb-7f90-4f64-b180-36405afd7686,chatbroker,notificationbroker,400,36,32,36
6496c858badc742d8ec3d0c0,6496c858badc742d8ec3d0cf,sendLocalMessage,INTERNALTRACE,chatbroker,,,,,external,register,ocxuaESEv0bNKKGu,chatbroker-chatbroker-d8cbf74b4-swmvx,notification,ea2eb934-f939-4368-a134-add33a309783,6f80c71d56128ff5e8dde48ebb495b3e,01deb7f7-674e-48e3-9883-13b41d1c2616,chatbroker,notificationbroker,400,36,32,36
6496c858badc742d8ec3d0c0,6496c858badc742d8ec3d0d0,sendLocalMessage,INTERNALTRACE,chatbroker,,,,,external,register,ocxuaESEv0bNKKGu,chatbroker-chatbroker-d8cbf74b4-swmvx,notification,d62de1ba-48d4-4e38-af56-95091fd6c6f5,6270f06ab4adc8668e44c85a3899d9df,eaaf4598-8765-46df-921a-f030c9a598e7,chatbroker,notificationbroker,400,36,32,36
6496c858badc742d8ec3d0c0,6496c858badc742d8ec3d0d1,sendLocalMessage,INTERNALTRACE,chatbroker,,,,,external,register,ocxuaESEv0bNKKGu,chatbroker-chatbroker-d8cbf74b4-swmvx,notification,00740e6e-590e-4f87-bbd4-757d256d2a34,0c6358ea714fd41df9fb948080a9a4ee,a9db1611-eb7b-424c-a657-80be5a78a69c,chatbroker,notificationbroker,400,36,32,36
6496c858badc742d8ec3d0c0,6496c858badc742d8ec3d0d2,sendLocalMessage,INTERNALTRACE,chatbroker,,,,,external,register,ocxuaESEv0bNKKGu,chatbroker-chatbroker-d8cbf74b4-swmvx,notification,30632a8c-464b-45b0-ab7b-fd21cdab344b,06778814775090d1b9410601d2526bca,bbcf5a66-e6eb-494f-9692-46796fed45be,chatbroker,notificationbroker,400,36,32,36
6496c858badc742d8ec3d0c0,6496c858badc742d8ec3d0d3,sendLocalMessage,INTERNALTRACE,chatbroker,,,,,external,register,ocxuaESEv0bNKKGu,chatbroker-chatbroker-d8cbf74b4-swmvx,notification,f606b171-47ea-409c-9468-90a3c0d727f7,eb54463075353ccc1b4d05e2e6f85d82,789c6d03-32e4-49cb-a212-7429d396ba8f,chatbroker,notificationbroker,400,36,32,36
6496c858badc742d8ec3d0c0,6496c858badc742d8ec3d0d4,sendLocalMessage,INTERNALTRACE,chatbroker,,,,,external,register,ocxuaESEv0bNKKGu,chatbroker-chatbroker-d8cbf74b4-swmvx,notification,0be4f957-bc0f-49a1-a808-e87847307fb8,12bd897a193ca82f011565e6256ce8c9,81bc8a23-5939-4061-b010-02a9aab186bb,chatbroker,notificationbroker,400,36,32,36
6496c858badc742d8ec3d0c0,6496c858badc742d8ec3d0d5,sendLocalMessage,INTERNALTRACE,chatbroker,,,,,external,register,ocxuaESEv0bNKKGu,chatbroker-chatbroker-d8cbf74b4-gv6xw,notification,75c0138c-0e22-40c6-842e-66227166da56,105a294e05a459af8d2f42fd64f8234c,76731793-0574-435a-8909-931ba19330b9,chatbroker,notificationbroker,400,36,32,36
6496c858badc742d8ec3d0d6,6496c858badc742d8ec3d0d7,deserializeMessage,INTERNALTRACE,chatbroker,,,,,external,chat,ocxuaESEv0bNKKGu,restamqpgw-restamqpgw-597bf588d7-x2mgl,request,f9ca40aa-e9d0-4cdd-9f56-739d677a4068,ffb2b6a4ed7bc738921e8d18864b6016,4e11ec41-0209-4511-b068-db62f6d8985d,restamqpgw,chatbroker,400,36,32,36
6496c858badc742d8ec3d0d6,6496c858badc742d8ec3d0d8,deserializeMessage,INTERNALTRACE,chatbroker,,,,,external,chat,nZCVt05Wgr3CY5UA,restamqpgw-restamqpgw-597bf588d7-jwxw8,request,32eb8c69-b6a5-462f-91ed-2c97318b696c,7598b9951f2c9639022ce964ace47f43,afcf3ea8-2850-4864-815c-dc3233147597,restamqpgw,chatbroker,400,36,32,36
6496c858badc742d8ec3d0d6,6496c858badc742d8ec3d0d9,deserializeMessage,INTERNALTRACE,chatbroker,,,,,external,chat,nZCVt05Wgr3CY5UA,restamqpgw-restamqpgw-597bf588d7-jwxw8,request,1d86a5ab-feae-4b53-8d0a-cbc36fa2a826,ce9bdfee67557143add6b4e7a3c704b6,1a858faa-beda-454a-a23e-c307e8051d85,restamqpgw,chatbroker,400,36,32,36
6496c858badc742d8ec3d0d6,6496c858badc742d8ec3d0da,deserializeMessage,INTERNALTRACE,chatbroker,,,,,external,chat,ocxuaESEv0bNKKGu,restamqpgw-restamqpgw-597bf588d7-jwxw8,request,db84c305-8749-4188-b7ae-589b9ca110a6,c1e08ebb416618ef349d4a11ca2cba03,c1c43665-b65d-4454-9a83-539450dcd4cd,restamqpgw,chatbroker,400,36,32,36
6496c858badc742d8ec3d0d6,6496c858badc742d8ec3d0db,deserializeMessage,INTERNALTRACE,chatbroker,,,,,external,chat,ocxuaESEv0bNKKGu,restamqpgw-restamqpgw-597bf588d7-x2mgl,request,2bee8af8-ab9d-4cfe-b542-eb14c3ae7cf8,ddc9d3277d2b198d4baef45662a31fc5,d86a1c07-42ab-46fa-b000-544d8eb6e651,restamqpgw,chatbroker,400,36,32,36
6496c858badc742d8ec3d0d6,6496c858badc742d8ec3d0dc,deserializeMessage,INTERNALTRACE,chatbroker,,,,,external,chat,nZCVt05Wgr3CY5UA,restamqpgw-restamqpgw-597bf588d7-x2mgl,request,5252558b-9321-4a5c-a6c9-3da53e6f34a3,62fa5f525da09644c7b80aba6bd68849,1e9d16a1-c7ac-4073-b095-9a8f5bf52c3d,restamqpgw,chatbroker,400,36,32,36
6496c858badc742d8ec3d0d6,6496c858badc742d8ec3d0dd,deserializeMessage,INTERNALTRACE,chatbroker,,,,,external,chat,ocxuaESEv0bNKKGu,restamqpgw-restamqpgw-597bf588d7-jwxw8,request,8a7382d2-efea-44c6-a1b1-edc3e2b74cf4,37b05a0ede553f31b7146b33ddf2502d,2a60007c-1d37-4367-9ca3-7e66358cf36f,restamqpgw,chatbroker,400,36,32,36
6496c858badc742d8ec3d0d6,6496c858badc742d8ec3d0de,deserializeMessage,INTERNALTRACE,chatbroker,,,,,external,chat,nZCVt05Wgr3CY5UA,restamqpgw-restamqpgw-597bf588d7-jwxw8,request,7cb7de68-7ce3-4b39-9eff-0980eb728e16,2833b87a9aee4b6bdcc6536cae9b3337,96240a76-2e48-4f5f-b022-924f6dc0d9c0,restamqpgw,chatbroker,400,36,32,36
6496c858badc742d8ec3d0d6,6496c858badc742d8ec3d0df,deserializeMessage,INTERNALTRACE,chatbroker,,,,,external,chat,ocxuaESEv0bNKKGu,restamqpgw-restamqpgw-597bf588d7-jwxw8,request,c624c902-142f-4666-99ac-4210ac706cab,0dfe22eedc05b59615901e4e4fd2d384,90e3981a-a0f1-46f0-ab1b-5b484a0bd502,restamqpgw,chatbroker,400,36,32,36
6496c858badc742d8ec3d0d6,6496c858badc742d8ec3d0e0,deserializeMessage,INTERNALTRACE,chatbroker,,,,,external,chat,nZCVt05Wgr3CY5UA,restamqpgw-restamqpgw-597bf588d7-jwxw8,request,851a24d4-a6a4-4998-98b7-e709108ae777,924f5b3fac22fcba38ea016863cbf104,c18b4228-8e8c-462a-af36-eecde6ed8e70,restamqpgw,chatbroker,400,36,32,36
6496c858badc742d8ec3d0d6,6496c858badc742d8ec3d0e1,deserializeMessage,INTERNALTRACE,chatbroker,,,,,external,chat,nZCVt05Wgr3CY5UA,restamqpgw-restamqpgw-597bf588d7-jwxw8,request,938d05b4-d0c2-442d-93cd-7a693cf1c56f,38c5e51ddf017d76afa57ec598093873,b8fc0acb-4663-4cfd-8693-8a14b65d35fe,restamqpgw,chatbroker,400,36,32,36
6496c858badc742d8ec3d0d6,6496c858badc742d8ec3d0e2,deserializeMessage,INTERNALTRACE,chatbroker,,,,,external,chat,ocxuaESEv0bNKKGu,restamqpgw-restamqpgw-597bf588d7-jwxw8,request,13162803-1082-47bd-9e1e-bcd79c78cbcf,ccd223f0a35ae77fc92c1a1eb97c7b9f,52e9ee98-588d-411d-ba60-3bdecab14ea2,restamqpgw,chatbroker,400,36,32,36
6496c858badc742d8ec3d0d6,6496c858badc742d8ec3d0e3,deserializeMessage,INTERNALTRACE,chatbroker,,,,,external,chat,nZCVt05Wgr3CY5UA,restamqpgw-restamqpgw-597bf588d7-x2mgl,request,ad20172b-a74d-4a49-b105-47a38c7df096,a1469c11d89f9f3694e53cd70e7eebfc,0c69959a-1b9d-4314-8871-e0bb4c16024c,restamqpgw,chatbroker,400,36,32,36
6496c858badc742d8ec3d0d6,6496c858badc742d8ec3d0e4,deserializeMessage,INTERNALTRACE,chatbroker,,,,,external,chat,ocxuaESEv0bNKKGu,restamqpgw-restamqpgw-597bf588d7-x2mgl,request,c5acbe2c-16a5-4df4-8094-5eb2f4b84d08,f3011569cc6f180c16dfd388e6b2abe8,38af479e-6682-407f-a9dd-eb61f2ee4d97,restamqpgw,chatbroker,400,36,32,36
6496c858badc742d8ec3d0d6,6496c858badc742d8ec3d0e5,deserializeMessage,INTERNALTRACE,chatbroker,,,,,external,chat,nZCVt05Wgr3CY5UA,restamqpgw-restamqpgw-597bf588d7-jwxw8,request,7a7b19a8-f7b4-4fc7-b3b8-89db9bdf8efb,7a4a7a01a143369a49f7ee11f4182ecb,a977a907-1035-4a1f-bdf5-16bfadce0fa5,restamqpgw,chatbroker,400,36,32,36
6496c858badc742d8ec3d0d6,6496c858badc742d8ec3d0e6,deserializeMessage,INTERNALTRACE,chatbroker,,,,,external,chat,ocxuaESEv0bNKKGu,restamqpgw-restamqpgw-597bf588d7-jwxw8,request,bb7c324d-77bc-4f96-9f39-1f842127f573,86b2f421b5396af3e99b26d300271071,ebdff6e2-2d38-47f0-8f24-07bedaf5cba9,restamqpgw,chatbroker,400,36,32,36
6496c858badc742d8ec3d0d6,6496c858badc742d8ec3d0e7,deserializeMessage,INTERNALTRACE,chatbroker,,,,,external,chat,ocxuaESEv0bNKKGu,restamqpgw-restamqpgw-597bf588d7-jwxw8,request,d9b50536-6819-44e1-a89b-755f77ae82a6,2851d0c4ae577473c841e5f183318134,0e76ab3c-2433-4daf-a2a1-1f019f5df597,restamqpgw,chatbroker,400,36,32,36
6496c858badc742d8ec3d0d6,6496c858badc742d8ec3d0e8,deserializeMessage,INTERNALTRACE,chatbroker,,,,,external,chat,nZCVt05Wgr3CY5UA,restamqpgw-restamqpgw-597bf588d7-x2mgl,request,70ec5d35-506e-45c5-9f9d-9545272dbcb3,11a566ed7c8e8a8fcdf02e970b6d4684,ac64a35b-97a3-4bed-8ff5-7e70aea16d44,restamqpgw,chatbroker,400,36,32,36
6496c858badc742d8ec3d0d6,6496c858badc742d8ec3d0e9,deserializeMessage,INTERNALTRACE,chatbroker,,,,,external,chat,nZCVt05Wgr3CY5UA,restamqpgw-restamqpgw-597bf588d7-jwxw8,request,22c92d83-82e3-49f0-8d85-61e228b1dc31,5b27c807c8395482871e33f48bf9538d,6960c5c6-a454-4fab-954f-438bee674097,restamqpgw,chatbroker,400,36,32,36
6496c858badc742d8ec3d0d6,6496c858badc742d8ec3d0ea,deserializeMessage,INTERNALTRACE,chatbroker,,,,,external,chat,ocxuaESEv0bNKKGu,restamqpgw-restamqpgw-597bf588d7-jwxw8,request,bdefab87-6458-4ff9-b097-87819d76563c,b5814a7c9fe8a7219adb0e5d43985995,1ca0dfe9-f48b-46a1-955a-c5dbfe2f7a95,restamqpgw,chatbroker,400,36,32,36
6496c858badc742d8ec3d0d6,6496c858badc742d8ec3d0eb,deserializeMessage,INTERNALTRACE,chatbroker,,,,,external,chat,nZCVt05Wgr3CY5UA,restamqpgw-restamqpgw-597bf588d7-jwxw8,request,661cce1a-de89-40f6-b78a-aeba85eb9dfc,9142472c5c1ef0a11a63fd7601faaea1,96c873f6-4ff5-4cf5-be93-36698a966c27,restamqpgw,chatbroker,400,36,32,36
6496c858badc742d8ec3d0d6,6496c858badc742d8ec3d0ec,deserializeMessage,INTERNALTRACE,chatbroker,,,,,external,chat,ocxuaESEv0bNKKGu,restamqpgw-restamqpgw-597bf588d7-jwxw8,request,68b4e02c-1859-457c-84b7-5baf1ccf8892,23d887395bf29409f0b10b1e78ad671f,78db8899-3819-4a79-841c-7239b8e4c96c,restamqpgw,chatbroker,400,36,32,36
6496c858badc742d8ec3d0d6,6496c858badc742d8ec3d0ed,deserializeMessage,INTERNALTRACE,chatbroker,,,,,external,chat,ocxuaESEv0bNKKGu,restamqpgw-restamqpgw-597bf588d7-jwxw8,request,9c42db2b-2ac2-499a-823c-4164544c8a7f,b39e5f9ec608ac8c2db422de702840de,a6d7434e-4a3a-4f30-a0f9-5c045a288d0c,restamqpgw,chatbroker,400,36,32,36
6496c858badc742d8ec3d0d6,6496c858badc742d8ec3d0ee,deserializeMessage,INTERNALTRACE,chatbroker,,,,,external,chat,nZCVt05Wgr3CY5UA,restamqpgw-restamqpgw-597bf588d7-jwxw8,request,5d11e546-37dc-4173-a0f0-54ea620faaaf,d0617c4900cba20715ec2414406d4f49,c9cdf901-9332-496e-a6da-25e4f115533a,restamqpgw,chatbroker,400,36,32,36
6496c858badc742d8ec3d0d6,6496c858badc742d8ec3d0ef,deserializeMessage,INTERNALTRACE,chatbroker,,,,,external,chat,ocxuaESEv0bNKKGu,restamqpgw-restamqpgw-597bf588d7-jwxw8,request,177922fa-387f-47dc-86af-386c3751e355,2cc40bf1bfba17da7f272aa1e13406df,86ac11e9-16d8-46ac-9a5c-8eefa433d1f0,restamqpgw,chatbroker,400,36,32,36
6496c858badc742d8ec3d0d6,6496c858badc742d8ec3d0f0,deserializeMessage,INTERNALTRACE,chatbroker,,,,,external,chat,nZCVt05Wgr3CY5UA,restamqpgw-restamqpgw-597bf588d7-x2mgl,request,94b74641-8bc8-45f2-8cf8-67cca312dc7d,2ab1e50a452522105e7cf382a53511e6,0fcd155d-f349-4848-b300-9a0c9212fd8b,restamqpgw,chatbroker,400,36,32,36
6496c858badc742d8ec3d0d6,6496c858badc742d8ec3d0f1,deserializeMessage,INTERNALTRACE,chatbroker,,,,,external,chat,nZCVt05Wgr3CY5UA,restamqpgw-restamqpgw-597bf588d7-jwxw8,request,74877802-3922-43fb-bc3d-e0804645c301,3cfd039d193658bf552f757b7ab9b9ec,c99bd814-e63f-4cc1-a8aa-411e201e7ada,restamqpgw,chatbroker,400,36,32,36
6496c858badc742d8ec3d0d6,6496c858badc742d8ec3d0f2,deserializeMessage,INTERNALTRACE,chatbroker,,,,,external,chat,ocxuaESEv0bNKKGu,restamqpgw-restamqpgw-597bf588d7-jwxw8,request,e82b59d5-0d27-4f14-b6cf-d522089fb593,292d956434012777cd54daab6edc5cce,1ea9dac7-733c-4c21-b33a-0c8e3831893f,restamqpgw,chatbroker,400,36,32,36
6496c858badc742d8ec3d0d6,6496c858badc742d8ec3d0f3,deserializeMessage,INTERNALTRACE,chatbroker,,,,,external,chat,nZCVt05Wgr3CY5UA,restamqpgw-restamqpgw-597bf588d7-jwxw8,request,0fd17554-3649-497a-bc67-739e3da75f19,04d15942947a782ce54259323b7aafef,afb7bcc1-d8e0-4f0b-b28d-bf4cb93ec036,restamqpgw,chatbroker,400,36,32,36
6496c858badc742d8ec3d0d6,6496c858badc742d8ec3d0f4,deserializeMessage,INTERNALTRACE,chatbroker,,,,,external,chat,ocxuaESEv0bNKKGu,restamqpgw-restamqpgw-597bf588d7-jwxw8,request,d02ad5f9-f78a-400a-84d6-e66c87e21a09,6f80c71d56128ff5e8dde48ebb495b3e,e1e71af0-9560-44a2-b7f4-ee07a5abf655,restamqpgw,chatbroker,400,36,32,36
6496c858badc742d8ec3d0d6,6496c858badc742d8ec3d0f5,deserializeMessage,INTERNALTRACE,chatbroker,,,,,external,chat,nZCVt05Wgr3CY5UA,restamqpgw-restamqpgw-597bf588d7-jwxw8,request,fc68fb13-6f1b-4fad-b61c-76b71cc1e13e,58ec52403da3be533b07dde2dda945d0,e7f0f60f-23a3-4482-90b9-5b0994086130,restamqpgw,chatbroker,400,36,32,36
6496c858badc742d8ec3d0d6,6496c858badc742d8ec3d0f6,deserializeMessage,INTERNALTRACE,chatbroker,,,,,external,chat,ocxuaESEv0bNKKGu,restamqpgw-restamqpgw-597bf588d7-jwxw8,request,3d8edc5b-39ea-43fd-8122-fd43f89516e2,6270f06ab4adc8668e44c85a3899d9df,bf4afbf5-1017-41bc-a2bf-897f7d3c47a5,restamqpgw,chatbroker,400,36,32,36
6496c858badc742d8ec3d0d6,6496c858badc742d8ec3d0f7,deserializeMessage,INTERNALTRACE,chatbroker,,,,,external,chat,ocxuaESEv0bNKKGu,restamqpgw-restamqpgw-597bf588d7-jwxw8,request,bead1b0a-4c96-4355-af9e-9dad80cb2675,0c6358ea714fd41df9fb948080a9a4ee,9e46da00-3ac9-4bde-bd61-8f2a91bc6a43,restamqpgw,chatbroker,400,36,32,36
6496c858badc742d8ec3d0d6,6496c858badc742d8ec3d0f8,deserializeMessage,INTERNALTRACE,chatbroker,,,,,external,chat,nZCVt05Wgr3CY5UA,restamqpgw-restamqpgw-597bf588d7-jwxw8,request,8bb8047a-0a16-4503-8015-a92081c42032,f61a99593361591ee29c51ef02788849,ead58956-d7b8-4d94-87fa-dd3e3ea33dc2,restamqpgw,chatbroker,400,36,32,36
6496c858badc742d8ec3d0d6,6496c858badc742d8ec3d0f9,deserializeMessage,INTERNALTRACE,chatbroker,,,,,external,chat,ocxuaESEv0bNKKGu,restamqpgw-restamqpgw-597bf588d7-jwxw8,request,b5796236-82bf-45ce-83c2-69afa79c44dc,06778814775090d1b9410601d2526bca,7982ddd3-fd83-4621-84f4-74711c17bf99,restamqpgw,chatbroker,400,36,32,36
6496c858badc742d8ec3d0d6,6496c858badc742d8ec3d0fa,deserializeMessage,INTERNALTRACE,chatbroker,,,,,external,chat,nZCVt05Wgr3CY5UA,restamqpgw-restamqpgw-597bf588d7-jwxw8,request,cdd9e01c-6f49-4ae5-a3e4-c736a1d28f70,19d0f493925265ef62e964f639ec1229,f0546449-710c-42fa-8a36-5cb7477c6a3a,restamqpgw,chatbroker,400,36,32,36
6496c858badc742d8ec3d0d6,6496c858badc742d8ec3d0fb,deserializeMessage,INTERNALTRACE,chatbroker,,,,,external,chat,nZCVt05Wgr3CY5UA,restamqpgw-restamqpgw-597bf588d7-jwxw8,request,d247ba69-d205-4303-bdf7-bcf02832a080,6416d347ce3341dc4e0fd4bba90f61df,576d1ebb-174c-41be-94fd-83d3ca7ad6a0,restamqpgw,chatbroker,400,36,32,36
6496c858badc742d8ec3d0d6,6496c858badc742d8ec3d0fc,deserializeMessage,INTERNALTRACE,chatbroker,,,,,external,chat,ocxuaESEv0bNKKGu,restamqpgw-restamqpgw-597bf588d7-jwxw8,request,d35ff2a6-9ee8-4ff3-b754-9dc025363982,eb54463075353ccc1b4d05e2e6f85d82,36210320-6b02-4506-95ee-c30be9e18005,restamqpgw,chatbroker,400,36,32,36
6496c858badc742d8ec3d0d6,6496c858badc742d8ec3d0fd,deserializeMessage,INTERNALTRACE,chatbroker,,,,,external,chat,nZCVt05Wgr3CY5UA,restamqpgw-restamqpgw-597bf588d7-jwxw8,request,b8129909-b191-49ea-8be2-14f26d0af90a,235d1c8f89ba09f2b691d8166aaa3620,16b34a23-50d6-4424-ac7d-622b1d9478d6,restamqpgw,chatbroker,400,36,32,36
6496c858badc742d8ec3d0d6,6496c858badc742d8ec3d0fe,deserializeMessage,INTERNALTRACE,chatbroker,,,,,external,chat,ocxuaESEv0bNKKGu,restamqpgw-restamqpgw-597bf588d7-x2mgl,request,6cf2ef39-f13a-497c-9990-635966ae5f18,12bd897a193ca82f011565e6256ce8c9,9b2e5a42-b3b5-43af-bfc8-b0beb5bb10ae,restamqpgw,chatbroker,400,36,32,36
6496c858badc742d8ec3d0d6,6496c858badc742d8ec3d0ff,deserializeMessage,INTERNALTRACE,chatbroker,,,,,external,chat,ocxuaESEv0bNKKGu,restamqpgw-restamqpgw-597bf588d7-jwxw8,request,c2f6cc7d-1a34-4618-bdb7-6038f450a910,105a294e05a459af8d2f42fd64f8234c,fe85948a-5f76-41e2-a4e4-44677c8947cc,restamqpgw,chatbroker,400,36,32,36
6496c858badc742d8ec3d0d6,6496c858badc742d8ec3d100,deserializeMessage,INTERNALTRACE,chatbroker,,,,,external,chat,nZCVt05Wgr3CY5UA,restamqpgw-restamqpgw-597bf588d7-x2mgl,request,c63718f1-05b0-46a5-b1df-ddff4fbf73ec,055cc02cd0cd72698867c8186543a685,3d71142f-2e6c-4b9d-8fb2-0a46f460d582,restamqpgw,chatbroker,400,36,32,36